<?xml version="1.0" encoding="UTF-8" standalone="no"?>
<AnalysisResult name="" version="1.0">
  <AnalysisResultDetails date="1520314442" total_classes="0" duration="0" error_status="0" line_total="0" total_call_sites="0" total_call_sites_informational="0" total_call_sites_not_vulnerable="0" max_vdensity="0" max_vkloc="0" total_methods="0" total_high_high_findings="1" total_high_medium_findings="0" total_high_low_findings="0" total_medium_high_findings="0" total_medium_medium_findings="2" total_medium_low_findings="0" total_low_high_findings="0" total_low_medium_findings="0" total_low_low_findings="0" total_high_findings="1" total_medium_findings="2" total_low_findings="0" total_info_findings="0" total_findings="3">
    <VulnType name="Vulnerability.Authentication.Credentials.Unprotected.Transport" total_high_findings="0" total_medium_findings="1" total_low_findings="0"/>
    <VulnType name="Vulnerability.Validation.Required" total_high_findings="1" total_medium_findings="0" total_low_findings="0"/>
    <VulnType name="Vulnerability.ErrorHandling.RevealDetails.Message" total_high_findings="0" total_medium_findings="1" total_low_findings="0"/>
  </AnalysisResultDetails>
  <SharedDataDetails total_objects="47"/>
  <StringPool>
    <String id="1" value=""/>
    <String id="2" value="GdiAnimation.My.MyApplication.Main(System.String[]):System.Void"/>
    <String id="3" value="Microsoft.VisualBasic.ApplicationServices.WindowsFormsApplicationBase"/>
    <String id="4" value="GdiAnimation.My.MyProject.get_Application() . Microsoft.VisualBasic.ApplicationServices.WindowsFormsApplicationBase.Run ( Args )"/>
    <String id="5" value="Microsoft.VisualBasic.ApplicationServices.WindowsFormsApplicationBase.Run"/>
    <String id="6" value="Microsoft.VisualBasic.ApplicationServices.WindowsFormsApplicationBase.Run(System.String[]):System.Void"/>
    <String id="7" value="DotNet"/>
    <String id="8" value="Vulnerability.Validation.Required"/>
    <String id="9" value="High"/>
    <String id="10" value=""/>
    <String id="11" value="&lt;external_caller&gt;"/>
    <String id="12" value="&lt;external_caller&gt;():void"/>
    <String id="13" value="None"/>
    <String id="14" value="&lt;external_source&gt; ( Args )"/>
    <String id="15" value="&lt;external_source&gt;"/>
    <String id="16" value="&lt;external_source&gt;(...):void"/>
    <String id="17" value="Args"/>
    <String id="18" value="Up"/>
    <String id="19" value="Source"/>
    <String id="20" value="GdiAnimation.My.MyApplication"/>
    <String id="21" value="GdiAnimation.My.MyApplication.Main ( Args )"/>
    <String id="22" value="GdiAnimation.My.MyApplication.Main"/>
    <String id="23" value="Down"/>
    <String id="24" value="NotAValidator"/>
    <String id="25" value="Sink"/>
    <String id="26" value="GdiAnimation.My.MyProject+MyForms.Create__Instance__&lt;GdiAnimation.MainForm&gt;(GdiAnimation.MainForm):GdiAnimation.MainForm"/>
    <String id="27" value="System.Exception"/>
    <String id="28" value="Local#2 -&gt; System.Exception.get_InnerException() . System.Exception.get_Message ()"/>
    <String id="29" value="System.Exception.get_Message"/>
    <String id="30" value="System.Exception.get_Message():System.String"/>
    <String id="31" value="Vulnerability.ErrorHandling.RevealDetails.Message"/>
    <String id="32" value="Medium"/>
    <String id="33" value="Vulnerability.Authentication.Credentials.Unprotected.Transport"/>
  </StringPool>
  <FilePool>
    <File id="1" value=""/>
    <File id="2" value="17d14f5c-a337-4978-8281-53493378c1071.vb"/>
  </FilePool>
  <SitePool>
    <Site caller_id="2" class_id="3" context_id="4" file_id="2" id="1" language_id="7" line="81" method_id="5" ordinal="1" signature_id="6" col="13"/>
    <Site caller_id="1" class_id="1" context_id="1" file_id="2" id="2" language_id="7" line="0" method_id="11" ordinal="1" signature_id="12"/>
    <Site caller_id="12" class_id="1" context_id="14" file_id="2" id="3" language_id="7" line="0" method_id="15" ordinal="1" signature_id="16"/>
    <Site caller_id="12" class_id="20" context_id="21" file_id="2" id="4" language_id="7" line="0" method_id="22" ordinal="1" signature_id="2"/>
    <Site caller_id="26" class_id="27" context_id="28" file_id="2" id="5" language_id="7" line="189" method_id="29" ordinal="1" signature_id="30" col="29"/>
  </SitePool>
  <TaintPool>
    <Taint arg="-1" direction_id="13" id="1" name_id="1" site_id="2" trace_type_id="13"/>
    <Taint arg="1" direction_id="18" id="2" name_id="17" site_id="3" trace_type_id="19"/>
    <Taint arg="1" direction_id="23" id="3" name_id="17" site_id="4" trace_type_id="24"/>
    <Taint arg="2" direction_id="23" id="4" name_id="17" site_id="1" trace_type_id="25"/>
  </TaintPool>
  <FindingDataPool>
    <FindingData ao_id="84" confidence_id="9" id="1" method_id="64" severity_id="9" site_id="1" vtype_id="8" prop_ids="">
      <Property name="description" value="AppScan IFA Note: 79% probability of correctly identified as an interesting finding using supplied training set."/>
    </FindingData>
    <FindingData ao_id="8" confidence_id="32" id="2" method_id="99" severity_id="32" site_id="5" vtype_id="31" prop_ids="">
      <Property name="description" value="AppScan IFA Note: Medium severity no-trace finding"/>
    </FindingData>
    <FindingData ao_id="8" confidence_id="32" id="3" method_id="64" severity_id="32" site_id="1" vtype_id="33" prop_ids="">
      <Property name="description" value="AppScan IFA Note: Medium severity no-trace finding"/>
    </FindingData>
  </FindingDataPool>
  <AnalysisResultFile file_id="2">
    <AnalysisResultDetails total_lines="0"/>
    <Finding data_id="1" trace="1,2.,3,4.."/>
    <Finding data_id="2"/>
    <Finding data_id="3"/>
  </AnalysisResultFile>
</AnalysisResult>
