{"Status":"Ready","AvailableReports":["RawXml","Xml","Html","Zip"],"Progress":100,"ScanEndTime":"2018-03-09T10:02:13.127Z","PauseReason":"NotPaused","CreatedAt":"2018-03-09T10:00:43.907Z","NIssuesFound":3,"UserMessage":"Scan completed successfully. The report is ready.","PredefinedMessageKey":"UserMessageSuccess","IncludeCustomUserMessage":false,"Result":"High","NHighIssues":1,"ReadStatus":"Unread","ClientToolOS":"Windows","NLowIssues":0,"NMediumIssues":2,"NInfoIssues":0,"Id":"8aace5b9-8023-e811-b849-002590731623","ClientToolMessage":null,"ExecutionProgress":"Completed"}