{"Status":"Ready","AvailableReports":["RawXml","Xml","Html","Zip"],"Progress":100,"ScanEndTime":"2018-03-09T07:03:17.407Z","PauseReason":"NotPaused","CreatedAt":"2018-03-09T07:02:16.807Z","NIssuesFound":3,"UserMessage":"Scan completed successfully. The report is ready.","PredefinedMessageKey":"UserMessageSuccess","IncludeCustomUserMessage":false,"Result":"High","NHighIssues":1,"ReadStatus":"Unread","ClientToolOS":"Windows","NLowIssues":0,"NMediumIssues":2,"NInfoIssues":0,"Id":"14bfd7cb-6723-e811-b849-002590731623","ClientToolMessage":null,"ExecutionProgress":"Completed"}