<?xml version="1.0" encoding="UTF-8" standalone="no"?>
<AnalysisResult name="" version="1.0">
  <AnalysisResultDetails date="1520589729" total_classes="0" duration="0" error_status="0" line_total="0" total_call_sites="0" total_call_sites_informational="0" total_call_sites_not_vulnerable="0" max_vdensity="0" max_vkloc="0" total_methods="0" total_high_high_findings="1" total_high_medium_findings="0" total_high_low_findings="0" total_medium_high_findings="0" total_medium_medium_findings="2" total_medium_low_findings="0" total_low_high_findings="0" total_low_medium_findings="0" total_low_low_findings="0" total_high_findings="1" total_medium_findings="2" total_low_findings="0" total_info_findings="0" total_findings="3">
    <VulnType name="Vulnerability.Authentication.Credentials.Unprotected.Transport" total_high_findings="0" total_medium_findings="1" total_low_findings="0"/>
    <VulnType name="Vulnerability.ErrorHandling.RevealDetails.Message" total_high_findings="0" total_medium_findings="1" total_low_findings="0"/>
    <VulnType name="Vulnerability.Validation.Required" total_high_findings="1" total_medium_findings="0" total_low_findings="0"/>
  </AnalysisResultDetails>
  <SharedDataDetails total_objects="47"/>
  <StringPool>
    <String id="1" value=""/>
    <String id="2" value="GdiAnimation.My.MyProject+MyForms.Create__Instance__&lt;GdiAnimation.MainForm&gt;(GdiAnimation.MainForm):GdiAnimation.MainForm"/>
    <String id="3" value="System.Exception"/>
    <String id="4" value="ex -&gt; System.Exception.get_InnerException() . System.Exception.get_Message ()"/>
    <String id="5" value="System.Exception.get_Message"/>
    <String id="6" value="System.Exception.get_Message():System.String"/>
    <String id="7" value="DotNet"/>
    <String id="8" value="Vulnerability.ErrorHandling.RevealDetails.Message"/>
    <String id="9" value="Medium"/>
    <String id="10" value=""/>
    <String id="11" value="GdiAnimation.My.MyApplication.Main(System.String[]):System.Void"/>
    <String id="12" value="Microsoft.VisualBasic.ApplicationServices.WindowsFormsApplicationBase"/>
    <String id="13" value="GdiAnimation.My.MyProject.get_Application() . Microsoft.VisualBasic.ApplicationServices.WindowsFormsApplicationBase.Run ( Args )"/>
    <String id="14" value="Microsoft.VisualBasic.ApplicationServices.WindowsFormsApplicationBase.Run"/>
    <String id="15" value="Microsoft.VisualBasic.ApplicationServices.WindowsFormsApplicationBase.Run(System.String[]):System.Void"/>
    <String id="16" value="Vulnerability.Validation.Required"/>
    <String id="17" value="High"/>
    <String id="18" value="&lt;external_caller&gt;"/>
    <String id="19" value="&lt;external_caller&gt;():void"/>
    <String id="20" value="None"/>
    <String id="21" value="&lt;external_source&gt; ( Args )"/>
    <String id="22" value="&lt;external_source&gt;"/>
    <String id="23" value="&lt;external_source&gt;(...):void"/>
    <String id="24" value="Args"/>
    <String id="25" value="Up"/>
    <String id="26" value="Source"/>
    <String id="27" value="GdiAnimation.My.MyApplication"/>
    <String id="28" value="GdiAnimation.My.MyApplication.Main ( Args )"/>
    <String id="29" value="GdiAnimation.My.MyApplication.Main"/>
    <String id="30" value="Down"/>
    <String id="31" value="NotAValidator"/>
    <String id="32" value="Sink"/>
    <String id="33" value="Vulnerability.Authentication.Credentials.Unprotected.Transport"/>
  </StringPool>
  <FilePool>
    <File id="1" value=""/>
    <File id="2" value="C:\Users\parimal.s\Downloads\VB.NET Samples\Animation Sample\VB\bin\Debug\GdiAnimation.exe"/>
  </FilePool>
  <SitePool>
    <Site caller_id="2" class_id="3" context_id="4" file_id="2" id="1" language_id="7" line="0" method_id="5" ordinal="1" signature_id="6"/>
    <Site caller_id="11" class_id="12" context_id="13" file_id="2" id="2" language_id="7" line="0" method_id="14" ordinal="1" signature_id="15"/>
    <Site caller_id="1" class_id="1" context_id="1" file_id="2" id="3" language_id="7" line="0" method_id="18" ordinal="1" signature_id="19"/>
    <Site caller_id="19" class_id="1" context_id="21" file_id="2" id="4" language_id="7" line="0" method_id="22" ordinal="1" signature_id="23"/>
    <Site caller_id="19" class_id="27" context_id="28" file_id="2" id="5" language_id="7" line="0" method_id="29" ordinal="1" signature_id="11"/>
  </SitePool>
  <TaintPool>
    <Taint arg="-1" direction_id="20" id="1" name_id="1" site_id="3" trace_type_id="20"/>
    <Taint arg="1" direction_id="25" id="2" name_id="24" site_id="4" trace_type_id="26"/>
    <Taint arg="1" direction_id="30" id="3" name_id="24" site_id="5" trace_type_id="31"/>
    <Taint arg="2" direction_id="30" id="4" name_id="24" site_id="2" trace_type_id="32"/>
  </TaintPool>
  <FindingDataPool>
    <FindingData ao_id="8" confidence_id="9" id="1" method_id="100" severity_id="9" site_id="1" vtype_id="8" prop_ids="">
      <Property name="description" value="AppScan IFA Note: Medium severity no-trace finding"/>
    </FindingData>
    <FindingData ao_id="85" confidence_id="17" id="2" method_id="65" severity_id="17" site_id="2" vtype_id="16" prop_ids="">
      <Property name="description" value="AppScan IFA Note: 79% probability of correctly identified as an interesting finding using supplied training set."/>
    </FindingData>
    <FindingData ao_id="8" confidence_id="9" id="3" method_id="65" severity_id="9" site_id="2" vtype_id="33" prop_ids="">
      <Property name="description" value="AppScan IFA Note: Medium severity no-trace finding"/>
    </FindingData>
  </FindingDataPool>
  <AnalysisResultFile file_id="2">
    <AnalysisResultDetails total_lines="0"/>
    <Finding data_id="1"/>
    <Finding data_id="2" trace="1,2.,3,4.."/>
    <Finding data_id="3"/>
  </AnalysisResultFile>
</AnalysisResult>
