<?xml version="1.0" encoding="UTF-8"?>
<FrameworkInput type="DotNet" xmlns="http://www.ibm.com/FrameworkInput">
	<WaflFile>C:\Users\parimal.s\Downloads\VB.NET Samples\Animation Sample\VB\GDIAnimation_frameworksCLIDotNet.wafl</WaflFile>
	<LogConfig>C:\Users\parimal.s\Downloads\VB.NET Samples\Animation Sample\VB\GDIAnimation_frameworksCLIDotNet_waflLogConfig.xml</LogConfig>
	<HandlerJarDir>C:\Program Files (x86)\IBM\AppScanSource\waflgens</HandlerJarDir>
	<ProjectFile>C:\Users\parimal.s\Downloads\VB.NET Samples\Animation Sample\VB\GDIAnimation.vbproj</ProjectFile>
	<DotNetInfo>
		<WalaScopeFile>C:\ProgramData\IBM\AppScanSource\temp\GDIAnimation.scope</WalaScopeFile>
		<Options>
			<Property name="aspnet.precompile.dir" value="C:\Users\parimal.s\Downloads\VB.NET Samples\Animation Sample\VB"></Property>
			<Property name="application.file" value="C:\Users\parimal.s\Downloads\VB.NET Samples\Animation Sample\VB\GDIAnimation.sln"></Property>
			<Property name="project.configuration" value="Debug"></Property>
		</Options>
	</DotNetInfo>
</FrameworkInput>
