<?xml version="1.0" encoding="UTF-8"?>
<FrameworkInput type="DotNet" xmlns="http://www.ibm.com/FrameworkInput">
	<WaflFile>C:\COMMON_SHARES\Animation Sample\AnimationProject_frameworksCLIDotNet.wafl</WaflFile>
	<LogConfig>C:\COMMON_SHARES\Animation Sample\AnimationProject_frameworksCLIDotNet_waflLogConfig.xml</LogConfig>
	<HandlerJarDir>C:\Program Files (x86)\IBM\AppScanSource\waflgens</HandlerJarDir>
	<ProjectFile>C:\COMMON_SHARES\Animation Sample\AnimationProject.ppf</ProjectFile>
	<DotNetInfo>
		<WalaScopeFile>C:\ProgramData\IBM\AppScanSource\temp\AnimationProject.scope</WalaScopeFile>
		<Options>
			<Property name="aspnet.precompile.dir" value="C:\COMMON_SHARES\Animation Sample"></Property>
			<Property name="application.file" value="C:\COMMON_SHARES\AppScanDotNetApplication\DotNetApplication.paf"></Property>
			<Property name="project.configuration" value="Configuration 1"></Property>
		</Options>
	</DotNetInfo>
</FrameworkInput>
