{"Status":"Ready","AvailableReports":["RawXml","Xml","Html","Zip"],"Progress":100,"ScanEndTime":"2018-03-06T05:34:04.173Z","PauseReason":"NotPaused","CreatedAt":"2018-03-06T05:33:12.31Z","NIssuesFound":3,"UserMessage":"Scan completed successfully. The report is ready.","PredefinedMessageKey":"UserMessageSuccess","IncludeCustomUserMessage":false,"Result":"High","NHighIssues":1,"ReadStatus":"Unread","ClientToolOS":"Windows","NLowIssues":0,"NMediumIssues":2,"NInfoIssues":0,"Id":"d5913edb-ff20-e811-b849-002590731623","ClientToolMessage":null,"ExecutionProgress":"Completed"}